product_name,review_title,review_text
Watkins Lemon Cream Lotion,Smells like lemon frosting,yes scent best like lemon frosting wont able get enough lotion also almost natural none yucky ingredients like major brands lotion mineral oil petroleum etc also completely works know sometimes opt organic choices good good popular nastier brands jr watkins delivers lotion softens hands body leaves ungreasy smells perfect even fiance likes uses hes pretty much antilotion regards price absolutely right tooget
Watkins Hand Cream,Refreshing and soothing,handcreamlemoncream refreshing fragrance wish would last day soothing hands get compliments use especially daughters granddaughters want get one favorite hand creams wish watkins still vanilla body cream favorite
Watkins Body Lotion,Smells like lemon cookie,smells like lemon cookie absolutely love kids love
Watkins Body Lotion,Makes me smile,love lotion smile every time put
Watkins Hand Cream,Stolen from my desk,hand cream nice desk work someone stole two days broke heart little
Watkins Body Lotion,Thick and fragrant,love lotion nice thick great fragrance use hands feet
GlowSkin Facial Cleanser,Clears complexion,sure works clearing complexion using weeks keep skin smooth clean
GlowSkin Facial Cleanser,Radiant and clean,makes skin feel clean super dry ashy dont follow moisturiser soon im done skin doesnt feel oily tacky makes skin radiant use foundation concealer needed make skin look even hydrated
GlowSkin Facial Cleanser,Fresh and effective,makes face feel nice fresh days get slight acne cleared right back deff use every day
FreshGlow Soap Bar,Glad I found it again,used soap years considered walmarts best kept secret disappointed stopped carrying store location delighted see could get online ended blessing dont go walmart often im saving money sorry walmart delivery prompt stockpiled never left house
Watkins Bubble Bath,Convenient and bubbly,would think convenient bubble bath wash container means buy twice amount son loves bubbles though complaints
Watkins Bubble Bath,Must-have for families,well johnsons need say know right ok used johnsons since baby yes long time lets get chase come doesnt like hard enough get little loves clean help always blessing johnsons bubble bath wash must house
Watkins Bubble Bath,Smells good and makes kids happy,bubbles arent top fabulous smells good makes kids happy
Watkins Bubble Bath,Fragrance-free favorite,using baby one month old dont like much fragnanaces hence love dont feel like using another one
Watkins Bubble Bath,Fun for kids,lots fun bath use lot make bubble nice addition kids dont want take bath
Watkins Bubble Bath,My child loves it,amazing product years old loves bubble baths
Watkins Bubble Bath,Great for sensitive skin,absolutely love bubblebath smells good body wash little one sensitive skin great option still enjoy bubbles break
Watkins Bubble Bath,Wonderful scent,bought small sample size couple months back loved smell wonderful recently bought new bottle think may keep shower buy kids another one
Watkins Bubble Bath,Little goes a long way,pleasant smell need little whole lot bubbles
Watkins Bubble Bath,Tear-free and fragrant,babies love bubbles mom loves tear free fragrance
Watkins Bubble Bath,Makes bath time fun,son loves product makes bath time fun looks forward bubbles also body wash makes convenient
Watkins Bubble Bath,Fresh and clean,really liked fresh smell
Olay Regenerist Cream,Too expensive for results,cream much face throat area gone back generic brand works better expensive review collected part promotion
Olay Regenerist Cream,Leaves a film,used loved product several years changed used moisturize skin left feeling soft sits top skin never absorbed leaves slimy film skin longer purchase product
BeatMax Wireless Headphones,Hyped and energetic,love album good hip hop side current pop sound hype listen everyday gym give star rating way metaphors crazy
FlavorBurst Energy Drink,Promotional flavor,good flavor review collected part promotion
FlavorBurst Energy Drink,Simple taste,good flavor
GlowSkin Night Cream,Messy and disappointing,bought enhance time bit abslutely nothing disappointed especially almost
RadianceFace Serum,Soft and smooth,loved product took yrs blotches noticeable plus left face feeling soft smelling good thanks
YouthGlow Anti-Aging Cream,Feels younger,great stuff face cuz im old wrinkly makes look younger feel
HydraSkin Night Balm,Helps overnight,using product quite time really helps skini use night go bed would like samples review collected part promotion
Olay Regenerist Cream,Hydrating and fresh,ive used regenerist deep hydration regenerating cream years hydrates sensitive skin without clogging pores wonderful fresh scent review collected part promotion
GlowSkin Moisturizer,Hard to find,love product reason im able find stores around live product discontinued really hope
RadianceFace Serum,Instant results,feeling difference one time use sample wow great product review collected part promotion
HydraSkin Moisturizer,Long-lasting hydration,dry skin love way face feels application softens skin keeps hydrated longer products tried review collected part promotion
GlowSkin Moisturizer,Highly recommended,would definitely recommend great product absolutely amazing skin
GlowSkin Moisturizer,Must-have,awesome product must
GlowSkin Moisturizer,Planning to repurchase,love product great plan buying recommend skin types
GlowSkin Moisturizer,Feels renewed,went smooth feel like new skin showering applied face throat areas
GlowSkin Moisturizer,Excellent quality,excellent product
Windex Glass Cleaner,Frustrating streaks,used windex many years family introduced product always unhappy filmstreaks leaves glass go back several times still cant get rid filmstreaks use paper towels even cloth streaks film left im testing products order find something better
Windex Glass Cleaner,Residue issues,used windex products years cleaners windex leave smeary residue tried newspaper unprint newspaper packing many types cleaning cloths well paper towels noticed happening years ago happened formula
Windex Glass Cleaner,Still hazy after cleaning,used windex original glass top kitchen table could see smeary haze tried two times still hazy forth time instead paper towel used clean cotton dish rag still smears cleaning top undersides table tried windex nearby window seemed work fine wonder previous cleaner left residual husband muscle going reclean glass top bottom microfiber cloth requiredyou put label clean table times day need something works
Windex Glass Cleaner,Streaks remain,like many find matter use leaves streaks windows cleaning years really happy
Windex Glass Cleaner,Nozzle broken,windex doesnt clean mirrors glass like used leaves streaks works somewhat better last brand tried bought got home wont spray nozzle front wont turn nothing else works open shouldnt buy spray bottle something comes spray bottle
Generic Product,Good,good
Olay Regenerist Cream,Recommended to friends,love feel result days recommend friends review collected part promotion
Olay Regenerist Cream,Wrinkle reduction,use night wrinkles face good job reducing wrinkles taking couple years face review collected part promotion
Olay Regenerist Cream,Fragrance causes irritation,although product worked amazingly well fragrance gave headaches made eyes water dailyolay please make fragrancefree products
Olay Regenerist Cream,Old formula was better,love product used least years prefer old formulation better feel new one doesnt hydrate well leaves thin film skin review collected part promotion
Olay Regenerist Cream,Hopeful about results,want try answer questions sounds like product would help skin face dont want face start sagging always liked olay products review collected part promotion
Olay Regenerist Cream,Great for winter months,product really helped keep skin moisturized winter months used morning night good results little heavy warmer weather though skin type anyway review collected part promotion
Olay Regenerist Cream,Smells amazing,product smells amazing need use often skin